,Stimulus,Stdev,Subtokens
1161,bordpoints,1.872477727372524,"[['bo', '##r', '##d', '##p', '##o', '##int', '##s'], ['bo', '##r', '##d', '##p', '##o', '##int', '##s'], ['bord', '##po', '##int', '##s'], ['bord', '##point', '##s'], ['bord', '##po', '##int', '##s'], ['bord', '##points'], ['bord', '##points'], ['bord', '##points'], ['bord', '##point', '##s']]"
1532,chauffaart,1.5634719199411433,"[['c', '##h', '##a', '##u', '##ff', '##aar', '##t'], ['ch', '##auff', '##aart'], ['chauff', '##aart'], ['chauff', '##aart'], ['chauff', '##aart'], ['chauff', '##aart'], ['chauff', '##aart'], ['chauff', '##aart'], ['chauff', '##aart']]"
11095,stootvlieg,1.4487116456005884,"[['st', '##oot', '##v', '##l', '##ie', '##g'], ['st', '##oot', '##vl', '##ie', '##g'], ['st', '##oot', '##vlie', '##g'], ['stoot', '##vlieg'], ['stoot', '##vlie', '##g'], ['stoot', '##vlieg'], ['stoot', '##vlieg'], ['stoot', '##vlieg'], ['stoot', '##vlieg']]"
1713,crèzes,1.4142135623730951,"[['c', '##r', '##è', '##ze', '##s'], ['c', '##r', '##è', '##ze', '##s'], ['c', '##r', '##è', '##ze', '##s'], ['crè', '##zes'], ['crè', '##zes'], ['crè', '##zes'], ['crè', '##zes'], ['crè', '##zes'], ['crè', '##zes']]"
6847,machtsstreek,1.3698697784375504,"[['ma', '##cht', '##ss', '##t', '##ree', '##k'], ['macht', '##ss', '##tre', '##ek'], ['macht', '##ss', '##tre', '##ek'], ['machts', '##streek'], ['machts', '##streek'], ['machts', '##streek'], ['machts', '##streek'], ['machts', '##streek'], ['machts', '##streek']]"
11714,toetsgroen,1.3698697784375504,"[['toe', '##t', '##s', '##g', '##ro', '##en'], ['toet', '##s', '##gr', '##oen'], ['toet', '##s', '##gro', '##en'], ['toets', '##groen'], ['toet', '##s', '##gro', '##en'], ['toets', '##groen'], ['toets', '##groen'], ['toets', '##groen'], ['toets', '##groen']]"
12657,viltstorm,1.3698697784375504,"[['v', '##il', '##t', '##st', '##orm'], ['v', '##il', '##ts', '##to', '##r', '##m'], ['vi', '##l', '##ts', '##to', '##r', '##m'], ['vi', '##l', '##ts', '##to', '##r', '##m'], ['vi', '##l', '##ts', '##to', '##r', '##m'], ['vi', '##lt', '##storm'], ['vi', '##lt', '##storm'], ['vi', '##lt', '##storm'], ['vi', '##l', '##ts', '##to', '##r', '##m']]"
5931,krammels,1.3698697784375502,"[['k', '##ra', '##m', '##me', '##l', '##s'], ['kr', '##am', '##me', '##l', '##s'], ['kra', '##mm', '##els'], ['kra', '##mmel', '##s'], ['kra', '##mmel', '##s'], ['kra', '##mmels'], ['kra', '##mmels'], ['kra', '##mmels'], ['kra', '##mmels']]"
7724,neuthoofd,1.3333333333333333,"[['n', '##e', '##ut', '##h', '##oof', '##d'], ['ne', '##ut', '##h', '##oofd'], ['neut', '##hoofd'], ['neut', '##hoofd'], ['neut', '##hoofd'], ['neut', '##hoofd'], ['neut', '##hoofd'], ['neut', '##hoofd'], ['neut', '##hoofd']]"
10129,slaafvlies,1.3333333333333333,"[['sl', '##aa', '##f', '##v', '##l', '##ies'], ['sl', '##aaf', '##vl', '##ies'], ['sl', '##aaf', '##vlie', '##s'], ['slaaf', '##vlies'], ['slaaf', '##vlie', '##s'], ['slaaf', '##vlies'], ['slaaf', '##vlies'], ['slaaf', '##vlies'], ['slaaf', '##vlies']]"
335,ballpicks,1.314684396244359,"[['b', '##al', '##l', '##p', '##ic', '##k', '##s'], ['bal', '##l', '##p', '##ick', '##s'], ['ball', '##p', '##ick', '##s'], ['ball', '##p', '##icks'], ['ball', '##p', '##icks'], ['ball', '##pic', '##ks'], ['ball', '##pic', '##ks'], ['ball', '##pic', '##ks'], ['ball', '##pic', '##ks']]"
10938,stepsels,1.314684396244359,"[['st', '##e', '##p', '##se', '##l', '##s'], ['ste', '##p', '##sel', '##s'], ['ste', '##ps', '##els'], ['step', '##sels'], ['step', '##sels'], ['step', '##sels'], ['step', '##sels'], ['step', '##sels'], ['step', '##sels']]"
4923,iccens,1.286204100310025,"[['i', '##c', '##c', '##ens'], ['i', '##c', '##ce', '##n', '##s'], ['i', '##c', '##ce', '##n', '##s'], ['ic', '##cens'], ['ic', '##ce', '##n', '##s'], ['ic', '##cens'], ['ic', '##cens'], ['ic', '##cens'], ['ic', '##cens']]"
6138,kurkploeg,1.286204100310025,"[['k', '##ur', '##k', '##pl', '##oeg'], ['k', '##ur', '##k', '##pl', '##oeg'], ['ku', '##r', '##k', '##ploeg'], ['kurk', '##ploeg'], ['ku', '##r', '##k', '##ploeg'], ['kurk', '##ploeg'], ['kurk', '##ploeg'], ['kurk', '##ploeg'], ['kurk', '##ploeg']]"
13337,wetsblauw,1.286204100310025,"[['we', '##t', '##s', '##bl', '##a', '##uw'], ['wet', '##sb', '##la', '##uw'], ['wets', '##bl', '##auw'], ['wets', '##blauw'], ['wets', '##bl', '##auw'], ['wets', '##blauw'], ['wets', '##blauw'], ['wets', '##blauw'], ['wets', '##blauw']]"
13602,wrillicks,1.286204100310025,"[['w', '##r', '##il', '##l', '##ic', '##k', '##s'], ['w', '##ri', '##l', '##l', '##ick', '##s'], ['w', '##ri', '##l', '##li', '##ck', '##s'], ['w', '##ri', '##l', '##lic', '##ks'], ['w', '##ri', '##l', '##li', '##ck', '##s'], ['w', '##rill', '##icks'], ['w', '##rill', '##icks'], ['w', '##ri', '##l', '##lic', '##ks'], ['w', '##ri', '##l', '##lic', '##ks']]"
1683,costlails,1.2862041003100249,"[['c', '##os', '##t', '##l', '##a', '##il', '##s'], ['co', '##st', '##la', '##il', '##s'], ['co', '##st', '##la', '##il', '##s'], ['co', '##st', '##la', '##ils'], ['co', '##st', '##la', '##ils'], ['cost', '##la', '##ils'], ['cost', '##la', '##ils'], ['cost', '##la', '##ils'], ['cost', '##la', '##ils']]"
1533,chauffeel,1.257078722109418,"[['c', '##h', '##a', '##u', '##ff', '##eel'], ['ch', '##auff', '##eel'], ['chauff', '##eel'], ['chauff', '##eel'], ['chauff', '##eel'], ['chauff', '##eel'], ['chauff', '##eel'], ['chauff', '##eel'], ['chauff', '##eel']]"
3874,goudplein,1.257078722109418,"[['g', '##ou', '##d', '##pl', '##e', '##in'], ['goud', '##ple', '##in'], ['goud', '##plein'], ['goud', '##plein'], ['goud', '##plein'], ['goud', '##plein'], ['goud', '##plein'], ['goud', '##plein'], ['goud', '##plein']]"
4742,hoofdstaart,1.257078722109418,"[['h', '##oof', '##d', '##st', '##aar', '##t'], ['hoofdst', '##aart'], ['hoofdst', '##aart'], ['hoofdst', '##aart'], ['hoofdst', '##aart'], ['hoofdst', '##aart'], ['hoofdst', '##aart'], ['hoofdst', '##aart'], ['hoofdst', '##aart']]"
5091,joestvriend,1.257078722109418,"[['j', '##oe', '##st', '##v', '##r', '##ien', '##d'], ['j', '##oest', '##vr', '##iend'], ['j', '##oest', '##vriend'], ['jo', '##est', '##vriend'], ['j', '##oest', '##vriend'], ['jo', '##est', '##vriend'], ['jo', '##est', '##vriend'], ['jo', '##est', '##vriend'], ['jo', '##est', '##vriend']]"
5301,keihost,1.257078722109418,"[['k', '##e', '##i', '##h', '##os', '##t'], ['ke', '##ih', '##ost'], ['keih', '##ost'], ['keih', '##ost'], ['keih', '##ost'], ['keih', '##ost'], ['keih', '##ost'], ['keih', '##ost'], ['keih', '##ost']]"
8316,parkzers,1.257078722109418,"[['p', '##ar', '##k', '##ze', '##r', '##s'], ['park', '##zer', '##s'], ['park', '##zers'], ['park', '##zers'], ['park', '##zers'], ['park', '##zers'], ['park', '##zers'], ['park', '##zers'], ['park', '##zers']]"
9381,rookvliem,1.257078722109418,"[['r', '##oo', '##k', '##v', '##l', '##ie', '##m'], ['rook', '##vl', '##iem'], ['rook', '##vlie', '##m'], ['rook', '##vlie', '##m'], ['rook', '##vlie', '##m'], ['rook', '##vlie', '##m'], ['rook', '##vlie', '##m'], ['rook', '##vlie', '##m'], ['rook', '##vlie', '##m']]"
10162,slechtkarm,1.257078722109418,"[['sl', '##ec', '##h', '##t', '##k', '##ar', '##m'], ['slecht', '##k', '##arm'], ['slecht', '##ka', '##r', '##m'], ['slecht', '##kar', '##m'], ['slecht', '##kar', '##m'], ['slecht', '##kar', '##m'], ['slecht', '##kar', '##m'], ['slecht', '##kar', '##m'], ['slecht', '##kar', '##m']]"
5883,korstzis,1.2570787221094177,"[['ko', '##r', '##st', '##z', '##is'], ['ko', '##r', '##st', '##zi', '##s'], ['ko', '##r', '##st', '##zi', '##s'], ['kor', '##st', '##zi', '##s'], ['kor', '##st', '##zi', '##s'], ['korst', '##zis'], ['korst', '##zis'], ['korst', '##zis'], ['kor', '##st', '##zis']]"
4125,haalwaarts,1.247219128924647,"[['h', '##aal', '##w', '##aar', '##t', '##s'], ['haal', '##waar', '##ts'], ['haal', '##waar', '##ts'], ['haal', '##waarts'], ['haal', '##waarts'], ['haal', '##waarts'], ['haal', '##waarts'], ['haal', '##waarts'], ['haal', '##waarts']]"
4741,hoofdried,1.247219128924647,"[['h', '##oof', '##d', '##r', '##ie', '##d'], ['hoofd', '##rie', '##d'], ['hoofd', '##rie', '##d'], ['hoofd', '##ried'], ['hoofd', '##ried'], ['hoofd', '##ried'], ['hoofd', '##ried'], ['hoofd', '##ried'], ['hoofd', '##ried']]"
5181,kajars,1.247219128924647,"[['k', '##a', '##j', '##ar', '##s'], ['k', '##a', '##ja', '##r', '##s'], ['k', '##a', '##ja', '##r', '##s'], ['k', '##aj', '##ars'], ['k', '##aj', '##ars'], ['kaj', '##ars'], ['kaj', '##ars'], ['kaj', '##ars'], ['k', '##aj', '##ars']]"
9944,schuinvaart,1.247219128924647,"[['sch', '##ui', '##n', '##v', '##aar', '##t'], ['sch', '##uin', '##vaart'], ['sch', '##uin', '##vaart'], ['schuin', '##vaart'], ['schuin', '##vaart'], ['schuin', '##vaart'], ['schuin', '##vaart'], ['schuin', '##vaart'], ['schuin', '##vaart']]"
10790,stadskool,1.247219128924647,"[['st', '##ad', '##s', '##k', '##oo', '##l'], ['stads', '##k', '##ool'], ['stads', '##ko', '##ol'], ['stads', '##kool'], ['stads', '##kool'], ['stads', '##kool'], ['stads', '##kool'], ['stads', '##kool'], ['stads', '##kool']]"
11208,stripsels,1.247219128924647,"[['st', '##r', '##ip', '##se', '##l', '##s'], ['str', '##ips', '##els'], ['str', '##ips', '##els'], ['strip', '##sels'], ['strip', '##sels'], ['strips', '##els'], ['strips', '##els'], ['strips', '##els'], ['strip', '##sels']]"
11289,stuitgroep,1.247219128924647,"[['st', '##uit', '##g', '##ro', '##e', '##p'], ['st', '##uit', '##groep'], ['st', '##uit', '##groep'], ['stuit', '##groep'], ['stuit', '##groep'], ['stuit', '##groep'], ['stuit', '##groep'], ['stuit', '##groep'], ['stuit', '##groep']]"
1147,bootkunst,1.227262335243029,"[['bo', '##ot', '##k', '##un', '##st'], ['bo', '##ot', '##k', '##un', '##st'], ['boot', '##kun', '##st'], ['boot', '##kunst'], ['boot', '##kunst'], ['boot', '##kunst'], ['boot', '##kunst'], ['boot', '##kunst'], ['boot', '##kunst']]"
1414,brutglas,1.227262335243029,"[['br', '##ut', '##g', '##l', '##as'], ['bru', '##t', '##g', '##la', '##s'], ['brut', '##gl', '##as'], ['brut', '##glas'], ['brut', '##glas'], ['brut', '##glas'], ['brut', '##glas'], ['brut', '##glas'], ['brut', '##glas']]"
1546,chribble,1.227262335243029,"[['c', '##h', '##r', '##i', '##b', '##bl', '##e'], ['ch', '##rib', '##bl', '##e'], ['ch', '##rib', '##bl', '##e'], ['ch', '##rib', '##ble'], ['ch', '##rib', '##bl', '##e'], ['ch', '##rib', '##ble'], ['ch', '##rib', '##ble'], ['ch', '##rib', '##ble'], ['ch', '##rib', '##ble']]"
8235,paasooms,1.227262335243029,"[['p', '##aa', '##s', '##oo', '##m', '##s'], ['p', '##aas', '##oom', '##s'], ['p', '##aas', '##oom', '##s'], ['paas', '##oom', '##s'], ['paas', '##oom', '##s'], ['paas', '##ooms'], ['paas', '##ooms'], ['paas', '##ooms'], ['paas', '##oom', '##s']]"
11328,suproeps,1.227262335243029,"[['s', '##u', '##p', '##ro', '##e', '##p', '##s'], ['su', '##pro', '##ep', '##s'], ['su', '##pro', '##ep', '##s'], ['sup', '##roep', '##s'], ['su', '##pro', '##ep', '##s'], ['sup', '##roep', '##s'], ['sup', '##roep', '##s'], ['sup', '##roep', '##s'], ['sup', '##roep', '##s']]"
347,banbons,1.1967032904743342,"[['b', '##an', '##b', '##on', '##s'], ['b', '##an', '##bo', '##n', '##s'], ['ban', '##bon', '##s'], ['ban', '##bons'], ['ban', '##bon', '##s'], ['ban', '##bons'], ['ban', '##bons'], ['ban', '##bons'], ['ban', '##bons']]"
2005,dessinds,1.1967032904743342,"[['de', '##ss', '##ind', '##s'], ['des', '##si', '##n', '##d', '##s'], ['des', '##si', '##n', '##d', '##s'], ['des', '##sin', '##ds'], ['des', '##sin', '##ds'], ['dess', '##inds'], ['dess', '##inds'], ['dess', '##inds'], ['dess', '##inds']]"
9470,rundslang,1.1967032904743342,"[['r', '##un', '##d', '##sl', '##ang'], ['r', '##und', '##sl', '##ang'], ['ru', '##n', '##d', '##sl', '##ang'], ['rund', '##slan', '##g'], ['run', '##ds', '##lang'], ['rund', '##slang'], ['rund', '##slang'], ['rund', '##slang'], ['rund', '##slang']]"
9649,scheetplaats,1.1967032904743342,"[['sch', '##ee', '##t', '##pl', '##aat', '##s'], ['sche', '##et', '##plaats'], ['sche', '##et', '##plaats'], ['sche', '##et', '##plaats'], ['sche', '##et', '##plaats'], ['scheet', '##plaats'], ['scheet', '##plaats'], ['scheet', '##plaats'], ['scheet', '##plaats']]"
10414,sneeuwstift,1.1967032904743342,"[['sn', '##ee', '##uw', '##st', '##i', '##ft'], ['sn', '##eeuw', '##st', '##ift'], ['sneeuw', '##st', '##ift'], ['sneeuw', '##st', '##ift'], ['sneeuw', '##st', '##ift'], ['sneeuw', '##stift'], ['sneeuw', '##stift'], ['sneeuw', '##stift'], ['sneeuw', '##st', '##ift']]"
1685,costwits,1.1653431646335017,"[['c', '##os', '##t', '##w', '##it', '##s'], ['co', '##st', '##w', '##its'], ['co', '##st', '##wit', '##s'], ['co', '##st', '##wit', '##s'], ['co', '##st', '##wit', '##s'], ['cost', '##wits'], ['cost', '##wits'], ['cost', '##wit', '##s'], ['cost', '##wit', '##s']]"
11941,troccoirs,1.1653431646335017,"[['t', '##ro', '##c', '##c', '##o', '##ir', '##s'], ['tro', '##c', '##co', '##ir', '##s'], ['tro', '##c', '##co', '##ir', '##s'], ['tro', '##cc', '##oi', '##rs'], ['tro', '##cc', '##oi', '##r', '##s'], ['tro', '##cc', '##oirs'], ['tro', '##cc', '##oirs'], ['tro', '##cc', '##oir', '##s'], ['tro', '##cc', '##oi', '##rs']]"
5430,kievels,1.1547005383792515,"[['k', '##ie', '##ve', '##l', '##s'], ['k', '##ieve', '##l', '##s'], ['k', '##ieve', '##l', '##s'], ['kie', '##vels'], ['k', '##ieve', '##l', '##s'], ['kiev', '##els'], ['kiev', '##els'], ['kie', '##vels'], ['kie', '##vels']]"
10535,somteems,1.1547005383792515,"[['s', '##om', '##te', '##em', '##s'], ['s', '##om', '##te', '##em', '##s'], ['som', '##te', '##em', '##s'], ['somt', '##eem', '##s'], ['som', '##te', '##em', '##s'], ['somt', '##eems'], ['somt', '##eems'], ['somt', '##eems'], ['somt', '##eem', '##s']]"
10828,stankzaan,1.1547005383792515,"[['st', '##ank', '##z', '##aan'], ['st', '##ank', '##z', '##aan'], ['sta', '##n', '##k', '##za', '##an'], ['stank', '##za', '##an'], ['sta', '##n', '##k', '##za', '##an'], ['stank', '##zaan'], ['stank', '##zaan'], ['stank', '##zaan'], ['stank', '##za', '##an']]"
13090,waagstrook,1.1547005383792515,"[['w', '##aag', '##st', '##ro', '##ok'], ['w', '##aag', '##stro', '##ok'], ['w', '##aag', '##stro', '##ok'], ['waag', '##strook'], ['w', '##aags', '##tro', '##ok'], ['waag', '##strook'], ['waag', '##strook'], ['waag', '##strook'], ['waag', '##strook']]"
474,beestschern,1.1331154474650633,"[['be', '##es', '##t', '##sch', '##er', '##n'], ['be', '##est', '##sche', '##r', '##n'], ['be', '##est', '##sche', '##r', '##n'], ['beest', '##scher', '##n'], ['beest', '##scher', '##n'], ['beest', '##scher', '##n'], ['beest', '##scher', '##n'], ['beest', '##scher', '##n'], ['beest', '##scher', '##n']]"
1076,boeques,1.1331154474650633,"[['bo', '##e', '##q', '##u', '##es'], ['bo', '##e', '##que', '##s'], ['bo', '##e', '##que', '##s'], ['boe', '##ques'], ['boe', '##ques'], ['boe', '##ques'], ['boe', '##ques'], ['boe', '##ques'], ['boe', '##ques']]"
1443,bunjets,1.1331154474650633,"[['b', '##un', '##je', '##t', '##s'], ['b', '##un', '##je', '##ts'], ['b', '##un', '##jet', '##s'], ['bun', '##jets'], ['bun', '##jets'], ['bun', '##jets'], ['bun', '##jets'], ['bun', '##jets'], ['bun', '##jets']]"
2310,doordaafd,1.1331154474650633,"[['door', '##d', '##aa', '##f', '##d'], ['door', '##da', '##af', '##d'], ['door', '##da', '##af', '##d'], ['doord', '##aafd'], ['doord', '##aafd'], ['doord', '##aafd'], ['doord', '##aafd'], ['doord', '##aafd'], ['doord', '##aafd']]"
2313,doordhoorn,1.1331154474650633,"[['door', '##d', '##h', '##oor', '##n'], ['door', '##d', '##h', '##oorn'], ['door', '##d', '##ho', '##orn'], ['doord', '##hoorn'], ['doord', '##hoorn'], ['doord', '##hoorn'], ['doord', '##hoorn'], ['doord', '##hoorn'], ['doord', '##hoorn']]"
3554,gesmaafd,1.1331154474650633,"[['ge', '##s', '##ma', '##af', '##d'], ['ges', '##ma', '##af', '##d'], ['ges', '##ma', '##af', '##d'], ['gesm', '##aafd'], ['gesm', '##aafd'], ['gesm', '##aafd'], ['gesm', '##aafd'], ['gesm', '##aafd'], ['gesm', '##aafd']]"
5837,kontels,1.1331154474650633,"[['ko', '##n', '##te', '##l', '##s'], ['kon', '##te', '##l', '##s'], ['kon', '##te', '##l', '##s'], ['kont', '##els'], ['kont', '##els'], ['kont', '##els'], ['kont', '##els'], ['kont', '##els'], ['kont', '##els']]"
6284,lantience,1.1331154474650633,"[['l', '##ant', '##ien', '##c', '##e'], ['l', '##antie', '##n', '##ce'], ['la', '##n', '##tien', '##ce'], ['lant', '##ience'], ['lant', '##ience'], ['lant', '##ience'], ['lant', '##ience'], ['lant', '##ience'], ['lant', '##ience']]"
7379,mollook,1.1331154474650633,"[['m', '##ol', '##l', '##oo', '##k'], ['mo', '##l', '##lo', '##ok'], ['mo', '##l', '##lo', '##ok'], ['mol', '##look'], ['mol', '##look'], ['mol', '##look'], ['mol', '##look'], ['mol', '##look'], ['mol', '##look']]"
7423,monteept,1.1331154474650633,"[['m', '##on', '##te', '##e', '##pt'], ['mon', '##te', '##ep', '##t'], ['mon', '##te', '##ep', '##t'], ['mont', '##eept'], ['mont', '##eept'], ['mont', '##eept'], ['mont', '##eept'], ['mont', '##eept'], ['mont', '##eept']]"
8521,pitsniffs,1.1331154474650633,"[['p', '##it', '##s', '##n', '##i', '##ff', '##s'], ['p', '##its', '##n', '##if', '##f', '##s'], ['p', '##its', '##n', '##if', '##f', '##s'], ['pit', '##sn', '##iff', '##s'], ['pit', '##sn', '##iff', '##s'], ['pits', '##ni', '##ff', '##s'], ['pits', '##ni', '##ff', '##s'], ['pits', '##ni', '##ff', '##s'], ['pits', '##ni', '##ff', '##s']]"
8717,poolzend,1.1331154474650633,"[['p', '##oo', '##l', '##zen', '##d'], ['p', '##ool', '##zen', '##d'], ['p', '##ool', '##zen', '##d'], ['pool', '##zend'], ['pool', '##zend'], ['pool', '##zend'], ['pool', '##zend'], ['pool', '##zend'], ['pool', '##zend']]"
9358,rollors,1.1331154474650633,"[['r', '##ol', '##l', '##or', '##s'], ['rol', '##lo', '##r', '##s'], ['rol', '##lo', '##r', '##s'], ['roll', '##ors'], ['roll', '##ors'], ['roll', '##ors'], ['roll', '##ors'], ['roll', '##ors'], ['roll', '##ors']]"
9492,sabjets,1.1331154474650633,"[['s', '##ab', '##je', '##t', '##s'], ['s', '##ab', '##je', '##ts'], ['s', '##ab', '##jet', '##s'], ['sab', '##jets'], ['sab', '##jets'], ['sab', '##jets'], ['sab', '##jets'], ['sab', '##jets'], ['sab', '##jets']]"
10309,smalels,1.1331154474650633,"[['s', '##ma', '##le', '##l', '##s'], ['sm', '##ale', '##l', '##s'], ['sm', '##ale', '##l', '##s'], ['smal', '##els'], ['smal', '##els'], ['smal', '##els'], ['smal', '##els'], ['smal', '##els'], ['smal', '##els']]"
12014,tsalling,1.1331154474650633,"[['t', '##s', '##al', '##l', '##ing'], ['t', '##s', '##all', '##ing'], ['t', '##s', '##all', '##ing'], ['ts', '##alling'], ['ts', '##alling'], ['ts', '##alling'], ['ts', '##alling'], ['ts', '##alling'], ['ts', '##alling']]"
12592,verzwaaid,1.1331154474650633,"[['ver', '##z', '##w', '##aa', '##id'], ['verz', '##wa', '##ai', '##d'], ['verz', '##wa', '##ai', '##d'], ['verzw', '##aaid'], ['verzw', '##aaid'], ['verzw', '##aaid'], ['verzw', '##aaid'], ['verzw', '##aaid'], ['verzw', '##aaid']]"
12941,vorstdaal,1.1331154474650633,"[['v', '##or', '##st', '##d', '##aal'], ['vor', '##st', '##da', '##al'], ['vor', '##st', '##da', '##al'], ['vorst', '##daal'], ['vorst', '##daal'], ['vorst', '##daal'], ['vorst', '##daal'], ['vorst', '##daal'], ['vorst', '##daal']]"
14055,zwerflicht,1.1331154474650633,"[['zw', '##er', '##f', '##l', '##icht'], ['zw', '##er', '##fl', '##icht'], ['zw', '##er', '##fl', '##icht'], ['zwerf', '##licht'], ['zwerf', '##licht'], ['zwerf', '##licht'], ['zwerf', '##licht'], ['zwerf', '##licht'], ['zwerf', '##licht']]"
285,baartlui,1.0999438818457405,"[['b', '##aar', '##t', '##l', '##ui'], ['b', '##aart', '##l', '##ui'], ['b', '##aart', '##l', '##ui'], ['baart', '##lui'], ['baar', '##t', '##lui'], ['baart', '##lui'], ['baart', '##lui'], ['baart', '##lui'], ['baart', '##lui']]"
980,bloemweel,1.0999438818457405,"[['bl', '##oe', '##m', '##wee', '##l'], ['bl', '##oem', '##wee', '##l'], ['bl', '##oem', '##wee', '##l'], ['bloem', '##weel'], ['bloem', '##wee', '##l'], ['bloem', '##weel'], ['bloem', '##weel'], ['bloem', '##weel'], ['bloem', '##weel']]"
1235,braveuil,1.0999438818457405,"[['br', '##av', '##e', '##ui', '##l'], ['br', '##av', '##eu', '##il'], ['br', '##av', '##eu', '##il'], ['brave', '##uil'], ['bra', '##ve', '##uil'], ['brave', '##uil'], ['brave', '##uil'], ['brave', '##uil'], ['brave', '##uil']]"
1859,dargraag,1.0999438818457405,"[['d', '##ar', '##g', '##ra', '##ag'], ['d', '##ar', '##gra', '##ag'], ['da', '##r', '##gra', '##ag'], ['dar', '##graag'], ['dar', '##gra', '##ag'], ['dar', '##graag'], ['dar', '##graag'], ['dar', '##graag'], ['dar', '##graag']]"
2235,dolkboer,1.0999438818457405,"[['d', '##ol', '##k', '##b', '##oer'], ['do', '##l', '##k', '##bo', '##er'], ['dol', '##k', '##boer'], ['dol', '##k', '##boer'], ['dol', '##k', '##boer'], ['dolk', '##boer'], ['dolk', '##boer'], ['dolk', '##boer'], ['dol', '##k', '##boer']]"
2291,dookpit,1.0999438818457405,"[['d', '##oo', '##k', '##p', '##it'], ['do', '##ok', '##p', '##it'], ['do', '##ok', '##p', '##it'], ['dook', '##pit'], ['do', '##ok', '##pit'], ['dook', '##pit'], ['dook', '##pit'], ['dook', '##pit'], ['dook', '##pit']]"
3080,frassoirs,1.0999438818457405,"[['f', '##ra', '##ss', '##o', '##ir', '##s'], ['fra', '##ss', '##o', '##ir', '##s'], ['fra', '##ss', '##oi', '##r', '##s'], ['fra', '##ss', '##oi', '##rs'], ['fra', '##ss', '##oi', '##r', '##s'], ['fra', '##sso', '##irs'], ['fra', '##sso', '##irs'], ['fra', '##sso', '##irs'], ['fra', '##sso', '##irs']]"
3087,fremmend,1.0999438818457405,"[['f', '##re', '##m', '##men', '##d'], ['fr', '##em', '##men', '##d'], ['fr', '##em', '##men', '##d'], ['fre', '##mmend'], ['fre', '##mmen', '##d'], ['fre', '##mmend'], ['fre', '##mmend'], ['fre', '##mmend'], ['fre', '##mmend']]"
3142,fuskeert,1.0999438818457405,"[['f', '##us', '##ke', '##er', '##t'], ['f', '##us', '##ke', '##ert'], ['f', '##us', '##ke', '##ert'], ['fus', '##keert'], ['f', '##us', '##keert'], ['fus', '##keert'], ['fus', '##keert'], ['fus', '##keert'], ['fus', '##keert']]"
3355,geknoetst,1.0999438818457405,"[['ge', '##k', '##n', '##oet', '##st'], ['gek', '##n', '##oet', '##st'], ['gek', '##no', '##ets', '##t'], ['gekn', '##oetst'], ['gekn', '##oets', '##t'], ['gekn', '##oetst'], ['gekn', '##oetst'], ['gekn', '##oetst'], ['gekn', '##oetst']]"
3366,gekwal,1.0999438818457405,"[['ge', '##k', '##w', '##al'], ['gek', '##wa', '##l'], ['gek', '##wa', '##l'], ['gekwal'], ['gek', '##wal'], ['gekwal'], ['gekwal'], ['gekwal'], ['gekwal']]"
4053,grondstons,1.0999438818457405,"[['gro', '##n', '##d', '##st', '##on', '##s'], ['grond', '##st', '##ons'], ['grond', '##ston', '##s'], ['grond', '##ston', '##s'], ['grond', '##ston', '##s'], ['grond', '##stons'], ['grond', '##stons'], ['grond', '##ston', '##s'], ['grond', '##ston', '##s']]"
4265,harmstoers,1.0999438818457405,"[['h', '##ar', '##m', '##st', '##oer', '##s'], ['h', '##arm', '##st', '##oers'], ['har', '##ms', '##toe', '##r', '##s'], ['harm', '##stoe', '##rs'], ['har', '##ms', '##toe', '##r', '##s'], ['harm', '##stoe', '##rs'], ['harm', '##stoe', '##rs'], ['harm', '##stoe', '##rs'], ['harm', '##stoe', '##rs']]"
4471,hertreesd,1.0999438818457405,"[['her', '##t', '##ree', '##s', '##d'], ['her', '##tre', '##es', '##d'], ['her', '##tre', '##es', '##d'], ['hert', '##reesd'], ['hert', '##rees', '##d'], ['hert', '##reesd'], ['hert', '##reesd'], ['hert', '##reesd'], ['hert', '##reesd']]"
8093,oomhoorns,1.0999438818457405,"[['o', '##om', '##h', '##oor', '##n', '##s'], ['oo', '##m', '##h', '##oorn', '##s'], ['oo', '##m', '##ho', '##orn', '##s'], ['oom', '##hoorn', '##s'], ['oo', '##m', '##hoorn', '##s'], ['oom', '##hoorn', '##s'], ['oom', '##hoorn', '##s'], ['oom', '##hoorn', '##s'], ['oom', '##hoorn', '##s']]"
8999,punzels,1.0999438818457405,"[['p', '##un', '##ze', '##l', '##s'], ['p', '##un', '##zel', '##s'], ['p', '##un', '##zel', '##s'], ['pun', '##zels'], ['pu', '##n', '##zels'], ['pun', '##zels'], ['pun', '##zels'], ['pun', '##zels'], ['pun', '##zels']]"
9307,riwend,1.0999438818457405,"[['r', '##i', '##we', '##n', '##d'], ['r', '##i', '##wen', '##d'], ['r', '##i', '##wen', '##d'], ['ri', '##wend'], ['ri', '##wen', '##d'], ['ri', '##wend'], ['ri', '##wend'], ['ri', '##wend'], ['ri', '##wend']]"
10128,slaafschijf,1.0999438818457405,"[['sl', '##aa', '##f', '##sch', '##ijf'], ['sl', '##aaf', '##sch', '##ijf'], ['sl', '##aaf', '##sch', '##ijf'], ['slaaf', '##schijf'], ['slaaf', '##sch', '##ijf'], ['slaaf', '##schijf'], ['slaafs', '##chi', '##j', '##f'], ['slaaf', '##schijf'], ['slaaf', '##schijf']]"
10869,steelgraad,1.0999438818457405,"[['st', '##eel', '##g', '##ra', '##ad'], ['ste', '##el', '##gra', '##ad'], ['ste', '##el', '##gra', '##ad'], ['steel', '##graad'], ['ste', '##el', '##graad'], ['steel', '##graad'], ['steel', '##graad'], ['steel', '##graad'], ['steel', '##graad']]"
12942,vorstmeel,1.0999438818457405,"[['v', '##or', '##st', '##mee', '##l'], ['vor', '##st', '##mee', '##l'], ['vor', '##st', '##mee', '##l'], ['vorst', '##meel'], ['vorst', '##mee', '##l'], ['vorst', '##meel'], ['vorst', '##meel'], ['vorst', '##meel'], ['vorst', '##meel']]"
13236,weerklams,1.0999438818457405,"[['weer', '##k', '##l', '##am', '##s'], ['weer', '##kl', '##am', '##s'], ['weer', '##kl', '##am', '##s'], ['weerkl', '##ams'], ['weer', '##kl', '##ams'], ['weerkl', '##ams'], ['weerkl', '##ams'], ['weerkl', '##ams'], ['weerkl', '##ams']]"
13290,wentrand,1.0999438818457405,"[['we', '##n', '##tra', '##n', '##d'], ['wen', '##tra', '##n', '##d'], ['wen', '##tra', '##n', '##d'], ['went', '##rand'], ['wen', '##tra', '##nd'], ['went', '##rand'], ['went', '##rand'], ['went', '##rand'], ['went', '##rand']]"
13539,workploys,1.0999438818457405,"[['wor', '##k', '##pl', '##o', '##y', '##s'], ['wor', '##k', '##pl', '##oy', '##s'], ['wor', '##k', '##pl', '##oy', '##s'], ['work', '##plo', '##ys'], ['work', '##pl', '##oy', '##s'], ['work', '##ploy', '##s'], ['work', '##ploy', '##s'], ['work', '##ploy', '##s'], ['work', '##ploy', '##s']]"
13568,wrakweet,1.0999438818457405,"[['w', '##ra', '##k', '##wee', '##t'], ['w', '##rak', '##wee', '##t'], ['w', '##rak', '##wee', '##t'], ['wrak', '##weet'], ['w', '##rak', '##weet'], ['wrak', '##weet'], ['wrak', '##weet'], ['wrak', '##weet'], ['wrak', '##weet']]"
3813,goestprift,1.0999438818457403,"[['g', '##oe', '##st', '##p', '##r', '##i', '##ft'], ['goe', '##st', '##pr', '##ift'], ['goe', '##st', '##pr', '##ift'], ['goe', '##st', '##pr', '##ift'], ['goe', '##st', '##pr', '##ift'], ['goest', '##pri', '##ft'], ['goest', '##pri', '##ft'], ['goes', '##t', '##pri', '##ft'], ['goe', '##st', '##pri', '##ft']]"
212,arschrift,1.0657403385139377,"[['ar', '##sch', '##r', '##i', '##ft'], ['ar', '##sch', '##ri', '##ft'], ['ar', '##schrift'], ['ar', '##schrift'], ['ar', '##schrift'], ['ar', '##schrift'], ['ar', '##schrift'], ['ar', '##schrift'], ['ar', '##schrift']]"
237,asmars,1.0657403385139377,"[['a', '##s', '##ma', '##r', '##s'], ['as', '##ma', '##r', '##s'], ['as', '##mars'], ['as', '##mars'], ['as', '##mars'], ['as', '##mars'], ['as', '##mars'], ['as', '##mars'], ['as', '##mars']]"
746,bevreerd,1.0657403385139377,"[['be', '##v', '##ree', '##r', '##d'], ['bev', '##ree', '##r', '##d'], ['bevr', '##eerd'], ['bevr', '##eerd'], ['bevr', '##eerd'], ['bevr', '##eerd'], ['bevr', '##eerd'], ['bevr', '##eerd'], ['bevr', '##eerd']]"
1483,campkrakes,1.0657403385139377,"[['c', '##amp', '##k', '##ra', '##ke', '##s'], ['c', '##amp', '##kr', '##ake', '##s'], ['camp', '##kra', '##kes'], ['camp', '##kra', '##kes'], ['camp', '##kra', '##kes'], ['camp', '##kra', '##kes'], ['camp', '##kra', '##kes'], ['camp', '##kra', '##kes'], ['camp', '##kra', '##kes']]"
2395,draadsels,1.0657403385139377,"[['dr', '##aad', '##se', '##l', '##s'], ['draa', '##d', '##sel', '##s'], ['draad', '##sels'], ['draad', '##sels'], ['draad', '##sels'], ['draad', '##sels'], ['draad', '##sels'], ['draad', '##sels'], ['draad', '##sels']]"
3344,geklaaid,1.0657403385139377,"[['ge', '##k', '##l', '##aa', '##id'], ['gek', '##la', '##ai', '##d'], ['gekl', '##aaid'], ['gekl', '##aaid'], ['gekl', '##aaid'], ['gekl', '##aaid'], ['gekl', '##aaid'], ['gekl', '##aaid'], ['gekl', '##aaid']]"
3556,gesmeld,1.0657403385139377,"[['ge', '##s', '##me', '##l', '##d'], ['ges', '##me', '##l', '##d'], ['ges', '##meld'], ['gesm', '##eld'], ['gesm', '##eld'], ['gesm', '##eld'], ['gesm', '##eld'], ['gesm', '##eld'], ['gesm', '##eld']]"
